what,kind,bundleId,bundleVersion,description,time
activated,view,org.eclipse.ui.navigator.resources,3.4.300.v20110928-1505,"org.eclipse.ui.navigator.ProjectExplorer",1780652609767
deactivated,workbench,org.eclipse.ui.workbench,3.7.1.v20120104-1859,"",1780652613464
activated,workbench,org.eclipse.ui.workbench,3.7.1.v20120104-1859,"",1780652624739
deactivated,workbench,org.eclipse.ui.workbench,3.7.1.v20120104-1859,"",1780652628656
activated,workbench,org.eclipse.ui.workbench,3.7.1.v20120104-1859,"",1780652636611
deactivated,workbench,org.eclipse.ui.workbench,3.7.1.v20120104-1859,"",1780652653403
activated,workbench,org.eclipse.ui.workbench,3.7.1.v20120104-1859,"",1780652654721
activated,view,com.altera.sbtgui.launch,13.13.0.132,"com.altera.sbtgui.launch.hardware.ByteStreamConsoleView",1780652656697
error,log,,,"Failed Executing: [nios2-download, '--cable=USB-Blaster on localhost [USB-0]', --device=1, --instance=0, --stop, --accept-bad-sysid, --sidp=Not Found] return code: 8",1780652662967
activated,editor,org.eclipse.cdt.ui,5.3.2.201202111925,"org.eclipse.cdt.ui.editor.CEditor",1780652688197
deactivated,workbench,org.eclipse.ui.workbench,3.7.1.v20120104-1859,"",1780652696822
activated,workbench,org.eclipse.ui.workbench,3.7.1.v20120104-1859,"",1780652722997
deactivated,workbench,org.eclipse.ui.workbench,3.7.1.v20120104-1859,"",1780652724176
activated,workbench,org.eclipse.ui.workbench,3.7.1.v20120104-1859,"",1780652743870
executed,command,org.eclipse.ui,3.7.0.v20110928-1505,"org.eclipse.ui.edit.selectAll",1780652745022
executed,command,org.eclipse.ui,3.7.0.v20110928-1505,"org.eclipse.ui.edit.paste",1780652745641
executed,command,org.eclipse.ui,3.7.0.v20110928-1505,"org.eclipse.ui.file.save",1780652746543
activated,view,org.eclipse.ui.navigator.resources,3.4.300.v20110928-1505,"org.eclipse.ui.navigator.ProjectExplorer",1780652747507
deactivated,workbench,org.eclipse.ui.workbench,3.7.1.v20120104-1859,"",1780652748865
activated,workbench,org.eclipse.ui.workbench,3.7.1.v20120104-1859,"",1780652751638
activated,editor,org.eclipse.cdt.ui,5.3.2.201202111925,"org.eclipse.cdt.ui.editor.CEditor",1780652753081
executed,command,org.eclipse.ui,3.7.0.v20110928-1505,"org.eclipse.ui.file.save",1780652759591
activated,view,org.eclipse.ui.navigator.resources,3.4.300.v20110928-1505,"org.eclipse.ui.navigator.ProjectExplorer",1780652761520
deactivated,workbench,org.eclipse.ui.workbench,3.7.1.v20120104-1859,"",1780652762940
activated,workbench,org.eclipse.ui.workbench,3.7.1.v20120104-1859,"",1780652765388
deactivated,workbench,org.eclipse.ui.workbench,3.7.1.v20120104-1859,"",1780652768832
activated,workbench,org.eclipse.ui.workbench,3.7.1.v20120104-1859,"",1780652770789
activated,view,com.altera.sbtgui.launch,13.13.0.132,"com.altera.sbtgui.launch.hardware.ByteStreamConsoleView",1780652772835
error,log,,,"Failed Executing: [nios2-download, '--cable=USB-Blaster on localhost [USB-0]', --device=1, --instance=0, --stop, --accept-bad-sysid, --sidp=Not Found] return code: 8",1780652779046
activated,editor,org.eclipse.cdt.ui,5.3.2.201202111925,"org.eclipse.cdt.ui.editor.CEditor",1780652798993
executed,command,org.eclipse.ui,3.7.0.v20110928-1505,"org.eclipse.ui.edit.undo",1780652824143
executed,command,org.eclipse.ui,3.7.0.v20110928-1505,"org.eclipse.ui.edit.undo",1780652824931
executed,command,org.eclipse.ui,3.7.0.v20110928-1505,"org.eclipse.ui.file.save",1780652829367
activated,view,org.eclipse.ui.navigator.resources,3.4.300.v20110928-1505,"org.eclipse.ui.navigator.ProjectExplorer",1780652833416
deactivated,workbench,org.eclipse.ui.workbench,3.7.1.v20120104-1859,"",1780652836299
activated,workbench,org.eclipse.ui.workbench,3.7.1.v20120104-1859,"",1780652838725
deactivated,workbench,org.eclipse.ui.workbench,3.7.1.v20120104-1859,"",1780652842492
activated,workbench,org.eclipse.ui.workbench,3.7.1.v20120104-1859,"",1780652844481
activated,view,com.altera.sbtgui.launch,13.13.0.132,"com.altera.sbtgui.launch.hardware.ByteStreamConsoleView",1780652846520
error,log,,,"Failed Executing: [nios2-download, '--cable=USB-Blaster on localhost [USB-0]', --device=1, --instance=0, --stop, --accept-bad-sysid, --sidp=Not Found] return code: 8",1780652852699
deactivated,workbench,org.eclipse.ui.workbench,3.7.1.v20120104-1859,"",1780652862267
activated,workbench,org.eclipse.ui.workbench,3.7.1.v20120104-1859,"",1780652867004
activated,view,org.eclipse.ui.navigator.resources,3.4.300.v20110928-1505,"org.eclipse.ui.navigator.ProjectExplorer",1780652867009
deactivated,workbench,org.eclipse.ui.workbench,3.7.1.v20120104-1859,"",1780652871150
activated,workbench,org.eclipse.ui.workbench,3.7.1.v20120104-1859,"",1780652913992
deactivated,workbench,org.eclipse.ui.workbench,3.7.1.v20120104-1859,"",1780652923514
activated,workbench,org.eclipse.ui.workbench,3.7.1.v20120104-1859,"",1780652947687
executed,command,org.eclipse.ui,3.7.0.v20110928-1505,"org.eclipse.ui.edit.selectAll",1780652949282
activated,editor,org.eclipse.cdt.ui,5.3.2.201202111925,"org.eclipse.cdt.ui.editor.CEditor",1780652950261
executed,command,org.eclipse.ui,3.7.0.v20110928-1505,"org.eclipse.ui.edit.selectAll",1780652950709
executed,command,org.eclipse.ui,3.7.0.v20110928-1505,"org.eclipse.ui.edit.paste",1780652951255
executed,command,org.eclipse.ui,3.7.0.v20110928-1505,"org.eclipse.ui.file.save",1780652952581
activated,view,org.eclipse.ui.navigator.resources,3.4.300.v20110928-1505,"org.eclipse.ui.navigator.ProjectExplorer",1780652954498
deactivated,workbench,org.eclipse.ui.workbench,3.7.1.v20120104-1859,"",1780652956206
activated,workbench,org.eclipse.ui.workbench,3.7.1.v20120104-1859,"",1780652960444
activated,editor,org.eclipse.cdt.ui,5.3.2.201202111925,"org.eclipse.cdt.ui.editor.CEditor",1780652962072
activated,view,org.eclipse.ui.navigator.resources,3.4.300.v20110928-1505,"org.eclipse.ui.navigator.ProjectExplorer",1780652963548
deactivated,workbench,org.eclipse.ui.workbench,3.7.1.v20120104-1859,"",1780652966753
activated,workbench,org.eclipse.ui.workbench,3.7.1.v20120104-1859,"",1780652969133
activated,view,com.altera.sbtgui.launch,13.13.0.132,"com.altera.sbtgui.launch.hardware.ByteStreamConsoleView",1780652971195
error,log,,,"Failed Executing: [nios2-download, '--cable=USB-Blaster on localhost [USB-0]', --device=1, --instance=0, --stop, --accept-bad-sysid, --sidp=Not Found] return code: 8",1780652977393
deactivated,workbench,org.eclipse.ui.workbench,3.7.1.v20120104-1859,"",1780653002412
activated,workbench,org.eclipse.ui.workbench,3.7.1.v20120104-1859,"",1780653011714
activated,view,org.eclipse.ui.navigator.resources,3.4.300.v20110928-1505,"org.eclipse.ui.navigator.ProjectExplorer",1780653011720
activated,view,com.altera.sbtgui.launch,13.13.0.132,"com.altera.sbtgui.launch.hardware.ByteStreamConsoleView",1780653013145
activated,editor,org.eclipse.cdt.ui,5.3.2.201202111925,"org.eclipse.cdt.ui.editor.CEditor",1780653015067
executed,command,org.eclipse.ui,3.7.0.v20110928-1505,"org.eclipse.ui.file.save",1780653032377
executed,command,org.eclipse.ui,3.7.0.v20110928-1505,"org.eclipse.ui.edit.selectAll",1780653033433
executed,command,org.eclipse.ui,3.7.0.v20110928-1505,"org.eclipse.ui.edit.copy",1780653033898
deactivated,workbench,org.eclipse.ui.workbench,3.7.1.v20120104-1859,"",1780653035046
activated,workbench,org.eclipse.ui.workbench,3.7.1.v20120104-1859,"",1780653064854
activated,view,com.altera.sbtgui.launch,13.13.0.132,"com.altera.sbtgui.launch.hardware.ByteStreamConsoleView",1780653065356
activated,editor,org.eclipse.cdt.ui,5.3.2.201202111925,"org.eclipse.cdt.ui.editor.CEditor",1780653066016
deactivated,workbench,org.eclipse.ui.workbench,3.7.1.v20120104-1859,"",1780653072073
activated,workbench,org.eclipse.ui.workbench,3.7.1.v20120104-1859,"",1780653075190
deactivated,workbench,org.eclipse.ui.workbench,3.7.1.v20120104-1859,"",1780653076602
activated,workbench,org.eclipse.ui.workbench,3.7.1.v20120104-1859,"",1780653082356
deactivated,workbench,org.eclipse.ui.workbench,3.7.1.v20120104-1859,"",1780653085402
activated,workbench,org.eclipse.ui.workbench,3.7.1.v20120104-1859,"",1780653169719
deactivated,workbench,org.eclipse.ui.workbench,3.7.1.v20120104-1859,"",1780653172906
activated,workbench,org.eclipse.ui.workbench,3.7.1.v20120104-1859,"",1780653245029
deactivated,workbench,org.eclipse.ui.workbench,3.7.1.v20120104-1859,"",1780653247778
activated,workbench,org.eclipse.ui.workbench,3.7.1.v20120104-1859,"",1780653252867
activated,view,com.altera.sbtgui.launch,13.13.0.132,"com.altera.sbtgui.launch.hardware.ByteStreamConsoleView",1780653254472
deactivated,workbench,org.eclipse.ui.workbench,3.7.1.v20120104-1859,"",1780653264849
activated,workbench,org.eclipse.ui.workbench,3.7.1.v20120104-1859,"",1780653266886
deactivated,workbench,org.eclipse.ui.workbench,3.7.1.v20120104-1859,"",1780653269742
activated,workbench,org.eclipse.ui.workbench,3.7.1.v20120104-1859,"",1780653420459
deactivated,workbench,org.eclipse.ui.workbench,3.7.1.v20120104-1859,"",1780653422081
activated,workbench,org.eclipse.ui.workbench,3.7.1.v20120104-1859,"",1780653423228
started,bundle,org.eclipse.cdt.mylyn.ui,3.6.0.v20110608-1400,"org.eclipse.cdt.mylyn.ui",1780653423323
closed,workbench,org.eclipse.ui.workbench,3.7.1.v20120104-1859,"",1780653423385
stopped,bundle,org.eclipse.cdt.build.crossgcc,1.0.2.201202111925,"org.eclipse.cdt.build.crossgcc",1780653423606
stopped,bundle,org.eclipse.cdt.codan.checkers.ui,1.0.0.201202111925,"org.eclipse.cdt.codan.checkers.ui",1780653423606
stopped,bundle,com.altera.debug.cdi.gdb.plugin,13.13.0.132,"com.altera.debug.cdi.gdb.plugin",1780653423606
stopped,bundle,com.altera.sbtgui.launch,13.13.0.132,"com.altera.sbtgui.launch",1780653424620
stopped,bundle,com.altera.sbtgui.ui,13.13.0.132,"com.altera.sbtgui.ui",1780653424621
stopped,bundle,com.altera.sbtgui.project,13.13.0.132,"com.altera.sbtgui.project",1780653424621
stopped,bundle,org.eclipse.cdt.codan.checkers,1.0.1.201202111925,"org.eclipse.cdt.codan.checkers",1780653424621
stopped,bundle,org.eclipse.cdt.codan.ui.cxx,2.0.0.201202111925,"org.eclipse.cdt.codan.ui.cxx",1780653424621
stopped,bundle,org.eclipse.cdt.codan.core.cxx,1.0.0.201202111925,"org.eclipse.cdt.codan.core.cxx",1780653424621
stopped,bundle,org.eclipse.cdt.launch.remote,2.3.0.201202111925,"org.eclipse.cdt.launch.remote",1780653424623
stopped,bundle,org.eclipse.cdt.debug.mi.ui,6.1.1.201202111925,"org.eclipse.cdt.debug.mi.ui",1780653424623
stopped,bundle,org.eclipse.cdt.debug.mi.core,7.1.1.201202111925,"org.eclipse.cdt.debug.mi.core",1780653424623
stopped,bundle,org.eclipse.cdt.debug.ui.memory.memorybrowser,1.2.100.201202111925,"org.eclipse.cdt.debug.ui.memory.memorybrowser",1780653424625
stopped,bundle,org.eclipse.cdt.debug.ui.memory.search,1.2.1.201202111925,"org.eclipse.cdt.debug.ui.memory.search",1780653424626
stopped,bundle,org.eclipse.cdt.dsf.gdb.ui,2.2.1.201202111925,"org.eclipse.cdt.dsf.gdb.ui",1780653424626
stopped,bundle,org.eclipse.cdt.dsf.ui,2.2.1.201202111925,"org.eclipse.cdt.dsf.ui",1780653424628
stopped,bundle,org.eclipse.cdt.gdb.ui,7.0.0.201202111925,"org.eclipse.cdt.gdb.ui",1780653424629
stopped,bundle,org.eclipse.cdt.dsf.gdb,4.0.2.201202111925,"org.eclipse.cdt.dsf.gdb",1780653424629
stopped,bundle,org.eclipse.cdt.launch,7.0.0.201202111925,"org.eclipse.cdt.launch",1780653424629
stopped,bundle,org.eclipse.cdt.debug.ui,7.1.2.201202111925,"org.eclipse.cdt.debug.ui",1780653424629
stopped,bundle,org.eclipse.cdt.debug.ui.memory.traditional,1.2.1.201202111925,"org.eclipse.cdt.debug.ui.memory.traditional",1780653424630
stopped,bundle,org.eclipse.cdt.dsf,2.2.0.201202111925,"org.eclipse.cdt.dsf",1780653424630
stopped,bundle,org.eclipse.cdt.debug.core,7.1.0.201202111925,"org.eclipse.cdt.debug.core",1780653424630
stopped,bundle,org.eclipse.linuxtools.cdt.autotools.ui,1.0.1.201202152032,"org.eclipse.linuxtools.cdt.autotools.ui",1780653424632
stopped,bundle,org.eclipse.linuxtools.cdt.autotools.core,1.0.2.201202152032,"org.eclipse.linuxtools.cdt.autotools.core",1780653424632
stopped,bundle,org.eclipse.cdt.managedbuilder.ui,8.0.2.201202111925,"org.eclipse.cdt.managedbuilder.ui",1780653424634
stopped,bundle,org.eclipse.cdt.make.ui,7.1.2.201202111925,"org.eclipse.cdt.make.ui",1780653424634
stopped,bundle,org.eclipse.cdt.managedbuilder.gnu.ui,8.0.2.201202111925,"org.eclipse.cdt.managedbuilder.gnu.ui",1780653424634
stopped,bundle,org.eclipse.cdt.msw.build,1.0.0.201202111925,"org.eclipse.cdt.msw.build",1780653424634
stopped,bundle,org.eclipse.cdt.managedbuilder.core,8.0.2.201202111925,"org.eclipse.cdt.managedbuilder.core",1780653424634
stopped,bundle,org.eclipse.cdt.make.core,7.1.2.201202111925,"org.eclipse.cdt.make.core",1780653424634
stopped,bundle,org.eclipse.cdt.mylyn.ui,3.6.0.v20110608-1400,"org.eclipse.cdt.mylyn.ui",1780653424634
stopped,bundle,org.eclipse.cdt.codan.ui,2.0.1.201202111925,"org.eclipse.cdt.codan.ui",1780653424634
stopped,bundle,com.altera.sbtgui.flash.plugin,13.13.0.132,"com.altera.sbtgui.flash.plugin",1780653424635
activated,perspective,com.altera.sbtgui.ui,,"com.altera.sbtgui.ui.cPerspective",1780653471237
started,bundle,org.eclipse.osgi,3.7.2.v20120110-1415,"org.eclipse.osgi",1780653471238
started,bundle,org.eclipse.equinox.simpleconfigurator,1.0.200.v20110815-1438,"org.eclipse.equinox.simpleconfigurator",1780653471239
started,bundle,com.ibm.icu,4.4.2.v20110823,"com.ibm.icu",1780653471239
started,bundle,org.eclipse.cdt.codan.checkers,1.0.1.201202111925,"org.eclipse.cdt.codan.checkers",1780653471240
started,bundle,org.eclipse.cdt.codan.core,2.0.0.201202111925,"org.eclipse.cdt.codan.core",1780653471240
started,bundle,org.eclipse.cdt.codan.core.cxx,1.0.0.201202111925,"org.eclipse.cdt.codan.core.cxx",1780653471241
started,bundle,org.eclipse.cdt.codan.ui.cxx,2.0.0.201202111925,"org.eclipse.cdt.codan.ui.cxx",1780653471242
started,bundle,org.eclipse.cdt.core,5.3.2.201202111925,"org.eclipse.cdt.core",1780653471242
started,bundle,org.eclipse.cdt.make.core,7.1.2.201202111925,"org.eclipse.cdt.make.core",1780653471243
started,bundle,org.eclipse.cdt.make.ui,7.1.2.201202111925,"org.eclipse.cdt.make.ui",1780653471244
started,bundle,org.eclipse.cdt.managedbuilder.core,8.0.2.201202111925,"org.eclipse.cdt.managedbuilder.core",1780653471245
started,bundle,org.eclipse.cdt.managedbuilder.gnu.ui,8.0.2.201202111925,"org.eclipse.cdt.managedbuilder.gnu.ui",1780653471246
started,bundle,org.eclipse.cdt.msw.build,1.0.0.201202111925,"org.eclipse.cdt.msw.build",1780653471247
started,bundle,org.eclipse.cdt.ui,5.3.2.201202111925,"org.eclipse.cdt.ui",1780653471247
started,bundle,org.eclipse.compare.core,3.5.200.I20110208-0800,"org.eclipse.compare.core",1780653471247
started,bundle,org.eclipse.core.contenttype,3.4.100.v20110423-0524,"org.eclipse.core.contenttype",1780653471248
started,bundle,org.eclipse.core.databinding.observable,1.4.0.I20110222-0800,"org.eclipse.core.databinding.observable",1780653471250
started,bundle,org.eclipse.core.expressions,3.4.300.v20110228,"org.eclipse.core.expressions",1780653471250
started,bundle,org.eclipse.core.filebuffers,3.5.200.v20110928-1504,"org.eclipse.core.filebuffers",1780653471251
started,bundle,org.eclipse.core.filesystem,1.3.100.v20110423-0524,"org.eclipse.core.filesystem",1780653471252
started,bundle,org.eclipse.core.jobs,3.5.101.v20120113-1953,"org.eclipse.core.jobs",1780653471253
started,bundle,org.eclipse.core.net,1.2.100.I20110511-0800,"org.eclipse.core.net",1780653471254
started,bundle,org.eclipse.core.resources,3.7.101.v20120125-1505,"org.eclipse.core.resources",1780653471255
started,bundle,org.eclipse.core.runtime,3.7.0.v20110110,"org.eclipse.core.runtime",1780653471255
started,bundle,org.eclipse.core.runtime.compatibility,3.2.100.v20100505,"org.eclipse.core.runtime.compatibility",1780653471256
started,bundle,org.eclipse.core.runtime.compatibility.auth,3.2.200.v20110110,"org.eclipse.core.runtime.compatibility.auth",1780653471257
started,bundle,org.eclipse.core.variables,3.2.500.v20110928-1503,"org.eclipse.core.variables",1780653471258
started,bundle,org.eclipse.debug.core,3.7.1.v20111129-2031,"org.eclipse.debug.core",1780653471259
started,bundle,org.eclipse.egit.core,1.3.0.201202151440-r,"org.eclipse.egit.core",1780653471260
started,bundle,org.eclipse.egit.ui,1.3.0.201202151440-r,"org.eclipse.egit.ui",1780653471261
started,bundle,org.eclipse.epp.mpc.ui,1.1.1.I20110907-0947,"org.eclipse.epp.mpc.ui",1780653471261
started,bundle,org.eclipse.epp.usagedata.gathering,1.3.1.R201106061540,"org.eclipse.epp.usagedata.gathering",1780653471262
started,bundle,org.eclipse.epp.usagedata.recording,1.3.1.R201106061540,"org.eclipse.epp.usagedata.recording",1780653471263
started,bundle,org.eclipse.equinox.app,1.3.100.v20110321,"org.eclipse.equinox.app",1780653471263
started,bundle,org.eclipse.equinox.common,3.6.0.v20110523,"org.eclipse.equinox.common",1780653471263
started,bundle,org.eclipse.equinox.ds,1.3.1.R37x_v20110701,"org.eclipse.equinox.ds",1780653471263
started,bundle,org.eclipse.equinox.event,1.2.100.v20110502,"org.eclipse.equinox.event",1780653471265
started,bundle,org.eclipse.equinox.p2.core,2.1.1.v20120113-1346,"org.eclipse.equinox.p2.core",1780653471265
started,bundle,org.eclipse.equinox.p2.directorywatcher,1.0.300.v20110815-1419,"org.eclipse.equinox.p2.directorywatcher",1780653471266
started,bundle,org.eclipse.equinox.p2.engine,2.1.1.R37x_v20111003,"org.eclipse.equinox.p2.engine",1780653471267
started,bundle,org.eclipse.equinox.p2.metadata,2.1.0.v20110815-1419,"org.eclipse.equinox.p2.metadata",1780653471267
started,bundle,org.eclipse.equinox.p2.metadata.repository,1.2.0.v20110815-1419,"org.eclipse.equinox.p2.metadata.repository",1780653471268
started,bundle,org.eclipse.equinox.p2.operations,2.1.1.R37x_v20111111,"org.eclipse.equinox.p2.operations",1780653471269
started,bundle,org.eclipse.equinox.p2.reconciler.dropins,1.1.100.v20110815-1419,"org.eclipse.equinox.p2.reconciler.dropins",1780653471270
started,bundle,org.eclipse.equinox.p2.repository,2.1.1.v20120113-1346,"org.eclipse.equinox.p2.repository",1780653471270
started,bundle,org.eclipse.equinox.p2.ui.sdk.scheduler,1.0.100.v20110815-1419,"org.eclipse.equinox.p2.ui.sdk.scheduler",1780653471271
started,bundle,org.eclipse.equinox.p2.updatechecker,1.1.200.v20110815-1419,"org.eclipse.equinox.p2.updatechecker",1780653471271
started,bundle,org.eclipse.equinox.preferences,3.4.2.v20120111-2020,"org.eclipse.equinox.preferences",1780653471272
started,bundle,org.eclipse.equinox.registry,3.5.101.R37x_v20110810-1611,"org.eclipse.equinox.registry",1780653471272
started,bundle,org.eclipse.equinox.security,1.1.1.R37x_v20110822-1018,"org.eclipse.equinox.security",1780653471273
started,bundle,org.eclipse.equinox.util,1.0.300.v20110502,"org.eclipse.equinox.util",1780653471274
started,bundle,org.eclipse.help,3.5.100.v20110426,"org.eclipse.help",1780653471275
started,bundle,org.eclipse.jface,3.7.0.v20110928-1505,"org.eclipse.jface",1780653471276
started,bundle,org.eclipse.jgit,1.3.0.201202151440-r,"org.eclipse.jgit",1780653471277
started,bundle,org.eclipse.jsch.core,1.1.300.I20110514-0800,"org.eclipse.jsch.core",1780653471277
started,bundle,org.eclipse.linuxtools.cdt.autotools.core,1.0.2.201202152032,"org.eclipse.linuxtools.cdt.autotools.core",1780653471278
started,bundle,org.eclipse.ltk.core.refactoring,3.5.201.r372_v20111101-0700,"org.eclipse.ltk.core.refactoring",1780653471279
started,bundle,org.eclipse.ltk.ui.refactoring,3.6.0.v20110928-1453,"org.eclipse.ltk.ui.refactoring",1780653471279
started,bundle,org.eclipse.mylyn.bugzilla.core,3.6.5.v20120123-0100,"org.eclipse.mylyn.bugzilla.core",1780653471281
started,bundle,org.eclipse.mylyn.bugzilla.ui,3.6.0.v20110608-1400,"org.eclipse.mylyn.bugzilla.ui",1780653471282
started,bundle,org.eclipse.mylyn.commons.identity,0.8.0.v20110608-1400,"org.eclipse.mylyn.commons.identity",1780653471282
started,bundle,org.eclipse.mylyn.commons.net,3.6.0.v20110608-1400,"org.eclipse.mylyn.commons.net",1780653471282
started,bundle,org.eclipse.mylyn.commons.ui,3.6.1.v20110720-0100,"org.eclipse.mylyn.commons.ui",1780653471282
started,bundle,org.eclipse.mylyn.context.core,3.6.1.v20110720-0100,"org.eclipse.mylyn.context.core",1780653471284
started,bundle,org.eclipse.mylyn.context.ui,3.6.1.v20120112-0100,"org.eclipse.mylyn.context.ui",1780653471285
started,bundle,org.eclipse.mylyn.monitor.ui,3.6.0.v20110608-1400,"org.eclipse.mylyn.monitor.ui",1780653471285
started,bundle,org.eclipse.mylyn.tasks.ui,3.6.5.v20120215-0100,"org.eclipse.mylyn.tasks.ui",1780653471286
started,bundle,org.eclipse.mylyn.team.ui,3.6.1.v20110825-0100,"org.eclipse.mylyn.team.ui",1780653471287
started,bundle,org.eclipse.search,3.7.0.v20110928-1504,"org.eclipse.search",1780653471288
started,bundle,org.eclipse.team.core,3.6.0.I20110525-0800,"org.eclipse.team.core",1780653471288
started,bundle,org.eclipse.team.cvs.core,3.3.400.I20110510-0800,"org.eclipse.team.cvs.core",1780653471289
started,bundle,org.eclipse.team.cvs.ui,3.3.401.v20120126-1227,"org.eclipse.team.cvs.ui",1780653471290
started,bundle,org.eclipse.team.ui,3.6.101.R37x_v20111109-0800,"org.eclipse.team.ui",1780653471290
started,bundle,org.eclipse.ui,3.7.0.v20110928-1505,"org.eclipse.ui",1780653471291
started,bundle,org.eclipse.ui.console,3.5.100.v20111007_r372,"org.eclipse.ui.console",1780653471293
started,bundle,org.eclipse.ui.editors,3.7.0.v20110928-1504,"org.eclipse.ui.editors",1780653471293
started,bundle,org.eclipse.ui.forms,3.5.101.v20111011-1919,"org.eclipse.ui.forms",1780653471294
started,bundle,org.eclipse.ui.ide,3.7.0.v20110928-1505,"org.eclipse.ui.ide",1780653471295
started,bundle,org.eclipse.ui.navigator,3.5.101.v20120106-1355,"org.eclipse.ui.navigator",1780653471295
started,bundle,org.eclipse.ui.navigator.resources,3.4.300.v20110928-1505,"org.eclipse.ui.navigator.resources",1780653471295
started,bundle,org.eclipse.ui.net,1.2.100.v20111208-1155,"org.eclipse.ui.net",1780653471296
started,bundle,org.eclipse.ui.views,3.6.0.v20110928-1505,"org.eclipse.ui.views",1780653471297
started,bundle,org.eclipse.ui.workbench,3.7.1.v20120104-1859,"org.eclipse.ui.workbench",1780653471298
started,bundle,org.eclipse.ui.workbench.texteditor,3.7.0.v20110928-1504,"org.eclipse.ui.workbench.texteditor",1780653471299
started,bundle,org.eclipse.update.configurator,3.3.100.v20100512,"org.eclipse.update.configurator",1780653471300
started,bundle,org.eclipse.update.core,3.2.500.v20110330,"org.eclipse.update.core",1780653471301
started,bundle,org.eclipse.update.scheduler,3.2.300.v20100512,"org.eclipse.update.scheduler",1780653471302
started,bundle,com.altera.sbtgui.integration,13.13.0.132,"com.altera.sbtgui.integration",1780653471308
started,bundle,com.altera.sbtgui.project,13.13.0.132,"com.altera.sbtgui.project",1780653471309
started,bundle,com.altera.systemconsole,13.13.0.132,"com.altera.systemconsole",1780653471309
started,bundle,com.altera.systemconsole.designs.plugin,13.13.0.132,"com.altera.systemconsole.designs.plugin",1780653471309
started,bundle,com.altera.utilities,13.13.0.132,"com.altera.utilities",1780653471309
os,sysinfo,,,"win32",1780653471311
arch,sysinfo,,,"x86",1780653471311
ws,sysinfo,,,"win32",1780653471311
locale,sysinfo,,,"en_US",1780653471311
processors,sysinfo,,,"12",1780653471311
java.runtime.name,sysinfo,,,"Java(TM) SE Runtime Environment",1780653471311
java.runtime.version,sysinfo,,,"1.6.0_23-b05",1780653471311
java.specification.name,sysinfo,,,"Java Platform API Specification",1780653471311
java.specification.vendor,sysinfo,,,"Sun Microsystems Inc.",1780653471311
java.specification.version,sysinfo,,,"1.6",1780653471311
java.vendor,sysinfo,,,"Sun Microsystems Inc.",1780653471311
java.version,sysinfo,,,"1.6.0_23",1780653471311
java.vm.info,sysinfo,,,"mixed mode",1780653471311
java.vm.name,sysinfo,,,"Java HotSpot(TM) Client VM",1780653471311
java.vm.specification.name,sysinfo,,,"Java Virtual Machine Specification",1780653471311
java.vm.specification.vendor,sysinfo,,,"Sun Microsystems Inc.",1780653471311
java.vm.specification.version,sysinfo,,,"1.0",1780653471311
java.vm.vendor,sysinfo,,,"Sun Microsystems Inc.",1780653471311
java.vm.version,sysinfo,,,"19.0-b09",1780653471311
activated,perspective,org.eclipse.cdt.ui,5.3.2.201202111925,"org.eclipse.cdt.ui.CPerspective",1780653471988
activated,view,org.eclipse.ui.console,3.5.100.v20111007_r372,"org.eclipse.ui.console.ConsoleView",1780653472005
started,bundle,org.eclipse.cdt.codan.ui,2.0.1.201202111925,"org.eclipse.cdt.codan.ui",1780653472887
activated,view,org.eclipse.ui.navigator.resources,3.4.300.v20110928-1505,"org.eclipse.ui.navigator.ProjectExplorer",1780653473017
started,bundle,com.altera.sbtgui.core,13.13.0.132,"com.altera.sbtgui.core",1780653473486
started,bundle,org.eclipse.compare,3.5.202.R37x_v20111109-0800,"org.eclipse.compare",1780653473515
started,bundle,org.eclipse.debug.ui,3.7.102.v20111129-1423_r372,"org.eclipse.debug.ui",1780653474845
started,bundle,com.altera.sbtgui.launch,13.13.0.132,"com.altera.sbtgui.launch",1780653477898
started,bundle,org.eclipse.cdt.debug.core,7.1.0.201202111925,"org.eclipse.cdt.debug.core",1780653477930
started,bundle,org.eclipse.cdt.debug.ui,7.1.2.201202111925,"org.eclipse.cdt.debug.ui",1780653477933
started,bundle,org.eclipse.cdt.dsf,2.2.0.201202111925,"org.eclipse.cdt.dsf",1780653480252
started,bundle,org.eclipse.cdt.dsf.gdb,4.0.2.201202111925,"org.eclipse.cdt.dsf.gdb",1780653480253
started,bundle,org.eclipse.cdt.dsf.gdb.ui,2.2.1.201202111925,"org.eclipse.cdt.dsf.gdb.ui",1780653480254
